{"mc":{
	"die":{
		"frameRate":60,
		"events":[
			
			],
		"frames":[
			
			{
			"res":"464E07BA",
			"x":0,
			"y":0
			},
			{
			"res":"39E734B8",
			"x":0,
			"y":0
			},
			{
			"res":"7E72DCB4",
			"x":0,
			"y":0
			},
			{
			"res":"78C5CCCF",
			"x":0,
			"y":0
			}
			]
},"hit":{
		"frameRate":60,
		"events":[
			
			],
		"frames":[
			
			{
			"res":"C07EEFE4",
			"x":0,
			"y":0
			}
			]
},"move":{
		"frameRate":60,
		"events":[
			
			],
		"frames":[
			
			{
			"res":"EBA8E4",
			"x":0,
			"y":0
			},
			{
			"res":"DC4E5CE7",
			"x":0,
			"y":0
			},
			{
			"res":"C975329",
			"x":0,
			"y":0
			},
			{
			"res":"FD6BDADC",
			"x":0,
			"y":0
			}
			]
},"stand":{
		"frameRate":60,
		"events":[
			
			],
		"frames":[
			
			{
			"res":"21E5A273",
			"x":0,
			"y":0
			},
			{
			"res":"1E58FCE9",
			"x":0,
			"y":0
			},
			{
			"res":"9990EC02",
			"x":0,
			"y":0
			}
			]
}},
	"res":{
		"464E07BA":{"x":59,"y":53,"w":59,"h":50},
		"39E734B8":{"x":59,"y":1,"w":59,"h":50},
		"7E72DCB4":{"x":120,"y":1,"w":59,"h":50},
		"78C5CCCF":{"x":181,"y":1,"w":59,"h":50},
		"C07EEFE4":{"x":1,"y":1,"w":56,"h":56},
		"EBA8E4":{"x":1,"y":59,"w":56,"h":52},
		"DC4E5CE7":{"x":120,"y":53,"w":56,"h":52},
		"C975329":{"x":59,"y":105,"w":56,"h":52},
		"FD6BDADC":{"x":1,"y":113,"w":56,"h":52},
		"21E5A273":{"x":178,"y":53,"w":56,"h":52},
		"1E58FCE9":{"x":59,"y":159,"w":56,"h":52},
		"9990EC02":{"x":1,"y":167,"w":56,"h":52}
	}}