{"mc":{
	"attack":{
		"frameRate":6,
		"events":[
			  { "name": "@attackTure", "frame": 6}
			],
		"frames":[
			
			{
			"res":"6733B9FA",
			"x":0,
			"y":0
			},
			{
			"res":"61844F5C",
			"x":0,
			"y":0
			},
			{
			"res":"54E39879",
			"x":0,
			"y":0
			},
			{
			"res":"11C67B75",
			"x":0,
			"y":0
			},
			{
			"res":"9906DE16",
			"x":0,
			"y":0
			},
			{
			"res":"E5F09AB4",
			"x":0,
			"y":0
			},
			{
			"res":"8B881232",
			"x":0,
			"y":0
			},
			{
			"res":"E64C6E0B",
			"x":0,
			"y":0
			},
			{
			"res":"9ECE5E9F",
			"x":0,
			"y":0
			},
			{
			"res":"9A9B95F7",
			"x":0,
			"y":0
			},
			{
			"res":"EBE96B20",
			"x":0,
			"y":0
			},
			{
			"res":"589F6347",
			"x":0,
			"y":0
			}
			]
},"die":{
		"frameRate":6,
		"events":[
			
			],
		"frames":[
			
			{
			"res":"6A925A2E",
			"x":0,
			"y":0
			},
			{
			"res":"AFBFA56C",
			"x":0,
			"y":0
			},
			{
			"res":"A1BFE807",
			"x":0,
			"y":0
			},
			{
			"res":"1EBA8A49",
			"x":0,
			"y":0
			},
			{
			"res":"A8FC8F2D",
			"x":0,
			"y":0
			},
			{
			"res":"C59C46C",
			"x":0,
			"y":0
			},
			{
			"res":"444940EA",
			"x":0,
			"y":0
			},
			{
			"res":"ACC9E3B3",
			"x":0,
			"y":0
			},
			{
			"res":"CE5C2D69",
			"x":0,
			"y":0
			},
			{
			"res":"FFF3DC2A",
			"x":0,
			"y":0
			}
			]
},"hit":{
		"frameRate":6,
		"events":[
			
			],
		"frames":[
			
			{
			"res":"A7B027A7",
			"x":0,
			"y":0
			}
			]
},"walk":{
		"frameRate":6,
		"events":[
			
			],
		"frames":[
			
			{
			"res":"BD49E68D",
			"x":0,
			"y":0
			},
			{
			"res":"2FD84BF8",
			"x":0,
			"y":0
			},
			{
			"res":"6BC4BC7E",
			"x":0,
			"y":0
			},
			{
			"res":"BA80144A",
			"x":0,
			"y":0
			},
			{
			"res":"D3082C20",
			"x":0,
			"y":0
			},
			{
			"res":"59D7D506",
			"x":0,
			"y":0
			}
			]
},"stand":{
		"frameRate":6,
		"events":[
			
			],
		"frames":[
			
			{
			"res":"3C0F4BA7",
			"x":0,
			"y":0
			},
			{
			"res":"6651DAC1",
			"x":0,
			"y":0
			},
			{
			"res":"E2D110DE",
			"x":0,
			"y":0
			},
			{
			"res":"C6F62078",
			"x":0,
			"y":0
			},
			{
			"res":"7BA9A55F",
			"x":0,
			"y":0
			},
			{
			"res":"A9A5777E",
			"x":0,
			"y":0
			}
			]
}},
	"res":{
		"6733B9FA":{"x":1,"y":1,"w":250,"h":183},
		"61844F5C":{"x":253,"y":1,"w":250,"h":183},
		"54E39879":{"x":505,"y":1,"w":250,"h":183},
		"11C67B75":{"x":757,"y":1,"w":250,"h":183},
		"9906DE16":{"x":1,"y":186,"w":250,"h":183},
		"E5F09AB4":{"x":253,"y":186,"w":250,"h":183},
		"8B881232":{"x":505,"y":186,"w":250,"h":183},
		"E64C6E0B":{"x":757,"y":186,"w":250,"h":183},
		"9ECE5E9F":{"x":1,"y":371,"w":250,"h":183},
		"9A9B95F7":{"x":253,"y":371,"w":250,"h":183},
		"EBE96B20":{"x":505,"y":371,"w":250,"h":183},
		"589F6347":{"x":757,"y":371,"w":250,"h":183},
		"6A925A2E":{"x":1,"y":556,"w":135,"h":104},
		"AFBFA56C":{"x":138,"y":556,"w":135,"h":104},
		"A1BFE807":{"x":275,"y":556,"w":135,"h":104},
		"1EBA8A49":{"x":412,"y":556,"w":135,"h":104},
		"A8FC8F2D":{"x":549,"y":556,"w":135,"h":104},
		"C59C46C":{"x":686,"y":556,"w":135,"h":104},
		"444940EA":{"x":823,"y":556,"w":135,"h":104},
		"ACC9E3B3":{"x":1,"y":662,"w":135,"h":104},
		"CE5C2D69":{"x":138,"y":662,"w":135,"h":104},
		"FFF3DC2A":{"x":275,"y":662,"w":135,"h":104},
		"A7B027A7":{"x":412,"y":662,"w":111,"h":104},
		"BD49E68D":{"x":735,"y":748,"w":104,"h":83},
		"2FD84BF8":{"x":841,"y":748,"w":104,"h":83},
		"6BC4BC7E":{"x":1,"y":768,"w":104,"h":83},
		"BA80144A":{"x":107,"y":768,"w":104,"h":83},
		"D3082C20":{"x":213,"y":768,"w":104,"h":83},
		"59D7D506":{"x":319,"y":768,"w":104,"h":83},
		"3C0F4BA7":{"x":525,"y":662,"w":103,"h":84},
		"6651DAC1":{"x":630,"y":662,"w":103,"h":84},
		"E2D110DE":{"x":735,"y":662,"w":103,"h":84},
		"C6F62078":{"x":840,"y":662,"w":103,"h":84},
		"7BA9A55F":{"x":525,"y":748,"w":103,"h":84},
		"A9A5777E":{"x":630,"y":748,"w":103,"h":84}
	}}