{"file":"cloak.png","frames":{
"item_equipment100_png":{"x":77,"y":35,"w":29,"h":30,"offX":0,"offY":0,"sourceW":29,"sourceH":30},
"item_equipment101_png":{"x":179,"y":34,"w":30,"h":31,"offX":0,"offY":0,"sourceW":30,"sourceH":31},
"item_equipment102_png":{"x":211,"y":34,"w":30,"h":31,"offX":0,"offY":0,"sourceW":30,"sourceH":31},
"item_equipment103_png":{"x":146,"y":1,"w":31,"h":32,"offX":0,"offY":0,"sourceW":31,"sourceH":32},
"item_equipment104_png":{"x":143,"y":35,"w":29,"h":29,"offX":0,"offY":0,"sourceW":29,"sourceH":29},
"item_equipment105_png":{"x":111,"y":1,"w":33,"h":31,"offX":0,"offY":0,"sourceW":33,"sourceH":31},
"item_equipment106_png":{"x":212,"y":1,"w":30,"h":31,"offX":0,"offY":0,"sourceW":30,"sourceH":31},
"item_equipment107_png":{"x":111,"y":34,"w":30,"h":31,"offX":0,"offY":0,"sourceW":30,"sourceH":31},
"item_equipment108_png":{"x":41,"y":1,"w":34,"h":33,"offX":0,"offY":0,"sourceW":34,"sourceH":33},
"item_equipment109_png":{"x":77,"y":1,"w":32,"h":32,"offX":0,"offY":0,"sourceW":32,"sourceH":32},
"item_equipment110_png":{"x":179,"y":1,"w":31,"h":31,"offX":0,"offY":0,"sourceW":31,"sourceH":31},
"item_equipment111_png":{"x":1,"y":1,"w":38,"h":36,"offX":0,"offY":0,"sourceW":38,"sourceH":36}}}