{"file":"clothes.png","frames":{
"item_equipment200_png":{"x":36,"y":34,"w":31,"h":30,"offX":0,"offY":0,"sourceW":31,"sourceH":30},
"item_equipment201_png":{"x":94,"y":67,"w":29,"h":29,"offX":0,"offY":0,"sourceW":29,"sourceH":29},
"item_equipment202_png":{"x":69,"y":35,"w":31,"h":30,"offX":0,"offY":0,"sourceW":31,"sourceH":30},
"item_equipment203_png":{"x":36,"y":1,"w":32,"h":31,"offX":0,"offY":0,"sourceW":32,"sourceH":31},
"item_equipment204_png":{"x":1,"y":69,"w":29,"h":28,"offX":0,"offY":0,"sourceW":29,"sourceH":28},
"item_equipment205_png":{"x":1,"y":99,"w":27,"h":27,"offX":0,"offY":0,"sourceW":27,"sourceH":27},
"item_equipment206_png":{"x":63,"y":67,"w":29,"h":30,"offX":0,"offY":0,"sourceW":29,"sourceH":30},
"item_equipment207_png":{"x":94,"y":98,"w":26,"h":31,"offX":0,"offY":0,"sourceW":26,"sourceH":31},
"item_equipment208_png":{"x":70,"y":1,"w":30,"h":32,"offX":0,"offY":0,"sourceW":30,"sourceH":32},
"item_equipment209_png":{"x":1,"y":37,"w":30,"h":30,"offX":0,"offY":0,"sourceW":30,"sourceH":30},
"item_equipment210_png":{"x":1,"y":1,"w":33,"h":34,"offX":0,"offY":0,"sourceW":33,"sourceH":34},
"item_equipment211_png":{"x":33,"y":66,"w":28,"h":32,"offX":0,"offY":0,"sourceW":28,"sourceH":32}}}