{"file":"drup.png","frames":{
"item_drup0_png":{"x":1,"y":132,"w":26,"h":28,"offX":0,"offY":0,"sourceW":26,"sourceH":28},
"item_drup1_png":{"x":59,"y":132,"w":26,"h":28,"offX":0,"offY":0,"sourceW":26,"sourceH":28},
"item_drup2_png":{"x":87,"y":161,"w":26,"h":28,"offX":0,"offY":0,"sourceW":26,"sourceH":28},
"item_drup3_png":{"x":57,"y":162,"w":26,"h":28,"offX":0,"offY":0,"sourceW":26,"sourceH":28},
"item_drup4_png":{"x":29,"y":160,"w":26,"h":28,"offX":0,"offY":0,"sourceW":26,"sourceH":28},
"item_drup5_png":{"x":1,"y":162,"w":26,"h":28,"offX":0,"offY":0,"sourceW":26,"sourceH":28},
"item_drup6_png":{"x":1,"y":100,"w":27,"h":30,"offX":0,"offY":0,"sourceW":27,"sourceH":30},
"item_drup7_png":{"x":91,"y":98,"w":27,"h":30,"offX":0,"offY":0,"sourceW":27,"sourceH":30},
"item_drup8_png":{"x":91,"y":130,"w":27,"h":29,"offX":0,"offY":0,"sourceW":27,"sourceH":29},
"item_drup9_png":{"x":30,"y":129,"w":27,"h":29,"offX":0,"offY":0,"sourceW":27,"sourceH":29},
"item_drup10_png":{"x":65,"y":35,"w":30,"h":30,"offX":0,"offY":0,"sourceW":30,"sourceH":30},
"item_drup11_png":{"x":33,"y":35,"w":30,"h":30,"offX":0,"offY":0,"sourceW":30,"sourceH":30},
"item_drup12_png":{"x":63,"y":98,"w":26,"h":32,"offX":0,"offY":0,"sourceW":26,"sourceH":32},
"item_drup13_png":{"x":101,"y":1,"w":26,"h":32,"offX":0,"offY":0,"sourceW":26,"sourceH":32},
"item_drup14_png":{"x":69,"y":1,"w":30,"h":32,"offX":0,"offY":0,"sourceW":30,"sourceH":32},
"item_drup15_png":{"x":1,"y":35,"w":30,"h":32,"offX":0,"offY":0,"sourceW":30,"sourceH":32},
"item_drup16_png":{"x":35,"y":1,"w":32,"h":32,"offX":0,"offY":0,"sourceW":32,"sourceH":32},
"item_drup17_png":{"x":1,"y":1,"w":32,"h":32,"offX":0,"offY":0,"sourceW":32,"sourceH":32},
"item_drup18_png":{"x":85,"y":191,"w":25,"h":25,"offX":0,"offY":0,"sourceW":25,"sourceH":25},
"item_drup19_png":{"x":29,"y":190,"w":25,"h":25,"offX":0,"offY":0,"sourceW":25,"sourceH":25},
"item_drup20_png":{"x":1,"y":69,"w":29,"h":29,"offX":0,"offY":0,"sourceW":29,"sourceH":29},
"item_drup21_png":{"x":95,"y":67,"w":29,"h":29,"offX":0,"offY":0,"sourceW":29,"sourceH":29},
"item_drup22_png":{"x":64,"y":67,"w":29,"h":29,"offX":0,"offY":0,"sourceW":29,"sourceH":29},
"item_drup23_png":{"x":32,"y":98,"w":29,"h":29,"offX":0,"offY":0,"sourceW":29,"sourceH":29},
"item_drup24_png":{"x":97,"y":35,"w":29,"h":30,"offX":0,"offY":0,"sourceW":29,"sourceH":30},
"item_drup25_png":{"x":33,"y":67,"w":29,"h":29,"offX":0,"offY":0,"sourceW":29,"sourceH":29}}}