{"file":"glove.png","frames":{
"item_equipment400_png":{"x":1,"y":69,"w":26,"h":24,"offX":0,"offY":0,"sourceW":26,"sourceH":24},
"item_equipment401_png":{"x":1,"y":95,"w":27,"h":22,"offX":0,"offY":0,"sourceW":27,"sourceH":22},
"item_equipment402_png":{"x":101,"y":32,"w":26,"h":31,"offX":0,"offY":0,"sourceW":26,"sourceH":31},
"item_equipment403_png":{"x":31,"y":64,"w":27,"h":29,"offX":0,"offY":0,"sourceW":27,"sourceH":29},
"item_equipment404_png":{"x":89,"y":65,"w":26,"h":29,"offX":0,"offY":0,"sourceW":26,"sourceH":29},
"item_equipment405_png":{"x":70,"y":32,"w":29,"h":30,"offX":0,"offY":0,"sourceW":29,"sourceH":30},
"item_equipment406_png":{"x":73,"y":1,"w":31,"h":29,"offX":0,"offY":0,"sourceW":31,"sourceH":29},
"item_equipment407_png":{"x":39,"y":1,"w":32,"h":29,"offX":0,"offY":0,"sourceW":32,"sourceH":29},
"item_equipment408_png":{"x":1,"y":37,"w":28,"h":30,"offX":0,"offY":0,"sourceW":28,"sourceH":30},
"item_equipment409_png":{"x":39,"y":32,"w":29,"h":30,"offX":0,"offY":0,"sourceW":29,"sourceH":30},
"item_equipment410_png":{"x":60,"y":64,"w":27,"h":29,"offX":0,"offY":0,"sourceW":27,"sourceH":29},
"item_equipment411_png":{"x":1,"y":1,"w":36,"h":34,"offX":0,"offY":0,"sourceW":36,"sourceH":34}}}