{"file":"item_item.png","frames":{
"item_item0_png":{"x":1,"y":132,"w":25,"h":25,"offX":0,"offY":0,"sourceW":25,"sourceH":25},
"item_item1_png":{"x":124,"y":97,"w":24,"h":21,"offX":0,"offY":0,"sourceW":24,"sourceH":21},
"item_item2_png":{"x":456,"y":97,"w":30,"h":26,"offX":0,"offY":0,"sourceW":30,"sourceH":26},
"item_item3_png":{"x":423,"y":33,"w":30,"h":31,"offX":0,"offY":0,"sourceW":30,"sourceH":31},
"item_item4_png":{"x":323,"y":67,"w":29,"h":28,"offX":0,"offY":0,"sourceW":29,"sourceH":28},
"item_item5_png":{"x":297,"y":151,"w":24,"h":21,"offX":0,"offY":0,"sourceW":24,"sourceH":21},
"item_item6_png":{"x":150,"y":127,"w":27,"h":25,"offX":0,"offY":0,"sourceW":27,"sourceH":25},
"item_item7_png":{"x":150,"y":95,"w":27,"h":30,"offX":0,"offY":0,"sourceW":27,"sourceH":30},
"item_item8_png":{"x":239,"y":126,"w":26,"h":26,"offX":0,"offY":0,"sourceW":26,"sourceH":26},
"item_item9_png":{"x":63,"y":127,"w":27,"h":25,"offX":0,"offY":0,"sourceW":27,"sourceH":25},
"item_item10_png":{"x":214,"y":97,"w":29,"h":27,"offX":0,"offY":0,"sourceW":29,"sourceH":27},
"item_item11_png":{"x":192,"y":35,"w":30,"h":31,"offX":0,"offY":0,"sourceW":30,"sourceH":31},
"item_item12_png":{"x":122,"y":126,"w":26,"h":27,"offX":0,"offY":0,"sourceW":26,"sourceH":27},
"item_item13_png":{"x":32,"y":131,"w":28,"h":23,"offX":0,"offY":0,"sourceW":28,"sourceH":23},
"item_item14_png":{"x":394,"y":126,"w":18,"h":19,"offX":0,"offY":0,"sourceW":18,"sourceH":19},
"item_item15_png":{"x":78,"y":67,"w":30,"h":28,"offX":0,"offY":0,"sourceW":30,"sourceH":28},
"item_item16_png":{"x":457,"y":1,"w":30,"h":32,"offX":0,"offY":0,"sourceW":30,"sourceH":32},
"item_item17_png":{"x":487,"y":66,"w":24,"h":25,"offX":0,"offY":0,"sourceW":24,"sourceH":25},
"item_item18_png":{"x":384,"y":96,"w":28,"h":28,"offX":0,"offY":0,"sourceW":28,"sourceH":28},
"item_item19_png":{"x":258,"y":35,"w":32,"h":29,"offX":0,"offY":0,"sourceW":32,"sourceH":29},
"item_item20_png":{"x":159,"y":35,"w":31,"h":30,"offX":0,"offY":0,"sourceW":31,"sourceH":30},
"item_item21_png":{"x":224,"y":66,"w":30,"h":29,"offX":0,"offY":0,"sourceW":30,"sourceH":29},
"item_item22_png":{"x":455,"y":35,"w":32,"h":29,"offX":0,"offY":0,"sourceW":32,"sourceH":29},
"item_item23_png":{"x":423,"y":1,"w":32,"h":30,"offX":0,"offY":0,"sourceW":32,"sourceH":30},
"item_item24_png":{"x":1,"y":1,"w":42,"h":41,"offX":0,"offY":0,"sourceW":42,"sourceH":41},
"item_item25_png":{"x":356,"y":34,"w":31,"h":30,"offX":0,"offY":0,"sourceW":31,"sourceH":30},
"item_item26_png":{"x":488,"y":93,"w":23,"h":25,"offX":0,"offY":0,"sourceW":23,"sourceH":25},
"item_item27_png":{"x":45,"y":1,"w":39,"h":36,"offX":0,"offY":0,"sourceW":39,"sourceH":36},
"item_item28_png":{"x":489,"y":1,"w":21,"h":29,"offX":0,"offY":0,"sourceW":21,"sourceH":29},
"item_item29_png":{"x":424,"y":150,"w":30,"h":17,"offX":0,"offY":0,"sourceW":30,"sourceH":17},
"item_item30_png":{"x":119,"y":37,"w":35,"h":26,"offX":0,"offY":0,"sourceW":35,"sourceH":26},
"item_item31_png":{"x":356,"y":66,"w":31,"h":28,"offX":0,"offY":0,"sourceW":31,"sourceH":28},
"item_item32_png":{"x":293,"y":1,"w":29,"h":34,"offX":0,"offY":0,"sourceW":29,"sourceH":34},
"item_item33_png":{"x":150,"y":67,"w":32,"h":26,"offX":0,"offY":0,"sourceW":32,"sourceH":26},
"item_item34_png":{"x":288,"y":69,"w":28,"h":29,"offX":0,"offY":0,"sourceW":28,"sourceH":29},
"item_item35_png":{"x":184,"y":68,"w":28,"h":29,"offX":0,"offY":0,"sourceW":28,"sourceH":29},
"item_item36_png":{"x":211,"y":126,"w":26,"h":27,"offX":0,"offY":0,"sourceW":26,"sourceH":27},
"item_item37_png":{"x":245,"y":97,"w":29,"h":27,"offX":0,"offY":0,"sourceW":29,"sourceH":27},
"item_item38_png":{"x":93,"y":97,"w":29,"h":27,"offX":0,"offY":0,"sourceW":29,"sourceH":27},
"item_item39_png":{"x":63,"y":97,"w":28,"h":28,"offX":0,"offY":0,"sourceW":28,"sourceH":28},
"item_item40_png":{"x":276,"y":100,"w":28,"h":27,"offX":0,"offY":0,"sourceW":28,"sourceH":27},
"item_item41_png":{"x":256,"y":66,"w":30,"h":29,"offX":0,"offY":0,"sourceW":30,"sourceH":29},
"item_item42_png":{"x":389,"y":66,"w":31,"h":28,"offX":0,"offY":0,"sourceW":31,"sourceH":28},
"item_item43_png":{"x":489,"y":32,"w":22,"h":22,"offX":0,"offY":0,"sourceW":22,"sourceH":22},
"item_item44_png":{"x":179,"y":127,"w":29,"h":23,"offX":0,"offY":0,"sourceW":29,"sourceH":23},
"item_item45_png":{"x":456,"y":150,"w":21,"h":23,"offX":0,"offY":0,"sourceW":21,"sourceH":23},
"item_item46_png":{"x":357,"y":1,"w":31,"h":31,"offX":0,"offY":0,"sourceW":31,"sourceH":31},
"item_item47_png":{"x":390,"y":1,"w":31,"h":31,"offX":0,"offY":0,"sourceW":31,"sourceH":31},
"item_item48_png":{"x":446,"y":125,"w":32,"h":23,"offX":0,"offY":0,"sourceW":32,"sourceH":23},
"item_item49_png":{"x":34,"y":70,"w":27,"h":30,"offX":0,"offY":0,"sourceW":27,"sourceH":30},
"item_item50_png":{"x":86,"y":35,"w":31,"h":30,"offX":0,"offY":0,"sourceW":31,"sourceH":30},
"item_item51_png":{"x":224,"y":35,"w":32,"h":29,"offX":0,"offY":0,"sourceW":32,"sourceH":29},
"item_item52_png":{"x":267,"y":129,"w":28,"h":23,"offX":0,"offY":0,"sourceW":28,"sourceH":23},
"item_item53_png":{"x":179,"y":152,"w":30,"h":16,"offX":0,"offY":0,"sourceW":30,"sourceH":16},
"item_item54_png":{"x":1,"y":104,"w":29,"h":26,"offX":0,"offY":0,"sourceW":29,"sourceH":26},
"item_item55_png":{"x":389,"y":34,"w":31,"h":30,"offX":0,"offY":0,"sourceW":31,"sourceH":30},
"item_item56_png":{"x":480,"y":125,"w":28,"h":26,"offX":0,"offY":0,"sourceW":28,"sourceH":26},
"item_item57_png":{"x":292,"y":37,"w":29,"h":30,"offX":0,"offY":0,"sourceW":29,"sourceH":30},
"item_item58_png":{"x":125,"y":1,"w":32,"h":34,"offX":0,"offY":0,"sourceW":32,"sourceH":34},
"item_item59_png":{"x":339,"y":126,"w":26,"h":26,"offX":0,"offY":0,"sourceW":26,"sourceH":26},
"item_item60_png":{"x":1,"y":44,"w":31,"h":29,"offX":0,"offY":0,"sourceW":31,"sourceH":29},
"item_item61_png":{"x":93,"y":126,"w":27,"h":26,"offX":0,"offY":0,"sourceW":27,"sourceH":26},
"item_item62_png":{"x":159,"y":1,"w":32,"h":32,"offX":0,"offY":0,"sourceW":32,"sourceH":32},
"item_item63_png":{"x":422,"y":66,"w":32,"h":27,"offX":0,"offY":0,"sourceW":32,"sourceH":27},
"item_item64_png":{"x":193,"y":1,"w":32,"h":32,"offX":0,"offY":0,"sourceW":32,"sourceH":32},
"item_item65_png":{"x":422,"y":95,"w":32,"h":25,"offX":0,"offY":0,"sourceW":32,"sourceH":25},
"item_item66_png":{"x":367,"y":126,"w":25,"h":27,"offX":0,"offY":0,"sourceW":25,"sourceH":27},
"item_item67_png":{"x":324,"y":1,"w":31,"h":31,"offX":0,"offY":0,"sourceW":31,"sourceH":31},
"item_item68_png":{"x":33,"y":102,"w":28,"h":27,"offX":0,"offY":0,"sourceW":28,"sourceH":27},
"item_item69_png":{"x":45,"y":39,"w":31,"h":29,"offX":0,"offY":0,"sourceW":31,"sourceH":29},
"item_item70_png":{"x":456,"y":66,"w":29,"h":29,"offX":0,"offY":0,"sourceW":29,"sourceH":29},
"item_item71_png":{"x":227,"y":1,"w":31,"h":32,"offX":0,"offY":0,"sourceW":31,"sourceH":32},
"item_item72_png":{"x":324,"y":34,"w":30,"h":31,"offX":0,"offY":0,"sourceW":30,"sourceH":31},
"item_item73_png":{"x":306,"y":125,"w":31,"h":24,"offX":0,"offY":0,"sourceW":31,"sourceH":24},
"item_item74_png":{"x":318,"y":97,"w":30,"h":26,"offX":0,"offY":0,"sourceW":30,"sourceH":26},
"item_item75_png":{"x":260,"y":1,"w":31,"h":32,"offX":0,"offY":0,"sourceW":31,"sourceH":32},
"item_item76_png":{"x":86,"y":1,"w":37,"h":32,"offX":0,"offY":0,"sourceW":37,"sourceH":32},
"item_item77_png":{"x":394,"y":149,"w":28,"h":22,"offX":0,"offY":0,"sourceW":28,"sourceH":22},
"item_item78_png":{"x":354,"y":96,"w":28,"h":28,"offX":0,"offY":0,"sourceW":28,"sourceH":28},
"item_item79_png":{"x":414,"y":122,"w":30,"h":25,"offX":0,"offY":0,"sourceW":30,"sourceH":25},
"item_item80_png":{"x":1,"y":75,"w":30,"h":27,"offX":0,"offY":0,"sourceW":30,"sourceH":27},
"item_item81_png":{"x":179,"y":99,"w":30,"h":26,"offX":0,"offY":0,"sourceW":30,"sourceH":26},
"item_item82_png":{"x":119,"y":65,"w":29,"h":30,"offX":0,"offY":0,"sourceW":29,"sourceH":30}}}