{"file":"ring.png","frames":{
"item_equipment600_png":{"x":33,"y":65,"w":26,"h":28,"offX":0,"offY":0,"sourceW":26,"sourceH":28},
"item_equipment601_png":{"x":95,"y":35,"w":26,"h":29,"offX":0,"offY":0,"sourceW":26,"sourceH":29},
"item_equipment602_png":{"x":1,"y":67,"w":26,"h":27,"offX":0,"offY":0,"sourceW":26,"sourceH":27},
"item_equipment603_png":{"x":29,"y":95,"w":26,"h":26,"offX":0,"offY":0,"sourceW":26,"sourceH":26},
"item_equipment604_png":{"x":61,"y":67,"w":26,"h":26,"offX":0,"offY":0,"sourceW":26,"sourceH":26},
"item_equipment605_png":{"x":95,"y":66,"w":26,"h":28,"offX":0,"offY":0,"sourceW":26,"sourceH":28},
"item_equipment606_png":{"x":71,"y":1,"w":30,"h":32,"offX":0,"offY":0,"sourceW":30,"sourceH":32},
"item_equipment607_png":{"x":1,"y":33,"w":30,"h":32,"offX":0,"offY":0,"sourceW":30,"sourceH":32},
"item_equipment608_png":{"x":1,"y":1,"w":33,"h":30,"offX":0,"offY":0,"sourceW":33,"sourceH":30},
"item_equipment609_png":{"x":36,"y":1,"w":33,"h":30,"offX":0,"offY":0,"sourceW":33,"sourceH":30},
"item_equipment610_png":{"x":64,"y":35,"w":29,"h":30,"offX":0,"offY":0,"sourceW":29,"sourceH":30},
"item_equipment611_png":{"x":33,"y":33,"w":29,"h":30,"offX":0,"offY":0,"sourceW":29,"sourceH":30}}}