{"file":"shield.png","frames":{
"item_equipment700_png":{"x":89,"y":110,"w":26,"h":30,"offX":0,"offY":0,"sourceW":26,"sourceH":30},
"item_equipment701_png":{"x":61,"y":110,"w":26,"h":31,"offX":0,"offY":0,"sourceW":26,"sourceH":31},
"item_equipment702_png":{"x":30,"y":111,"w":26,"h":30,"offX":0,"offY":0,"sourceW":26,"sourceH":30},
"item_equipment703_png":{"x":1,"y":44,"w":29,"h":34,"offX":0,"offY":0,"sourceW":29,"sourceH":34},
"item_equipment704_png":{"x":1,"y":80,"w":27,"h":31,"offX":0,"offY":0,"sourceW":27,"sourceH":31},
"item_equipment705_png":{"x":74,"y":77,"w":27,"h":31,"offX":0,"offY":0,"sourceW":27,"sourceH":31},
"item_equipment706_png":{"x":32,"y":78,"w":27,"h":31,"offX":0,"offY":0,"sourceW":27,"sourceH":31},
"item_equipment707_png":{"x":42,"y":40,"w":30,"h":36,"offX":0,"offY":0,"sourceW":30,"sourceH":36},
"item_equipment708_png":{"x":42,"y":1,"w":35,"h":37,"offX":0,"offY":0,"sourceW":35,"sourceH":37},
"item_equipment709_png":{"x":1,"y":1,"w":39,"h":41,"offX":0,"offY":0,"sourceW":39,"sourceH":41},
"item_equipment710_png":{"x":79,"y":1,"w":33,"h":36,"offX":0,"offY":0,"sourceW":33,"sourceH":36},
"item_equipment711_png":{"x":79,"y":39,"w":33,"h":36,"offX":0,"offY":0,"sourceW":33,"sourceH":36}}}