{"file":"shoe.png","frames":{
"item_equipment800_png":{"x":1,"y":72,"w":26,"h":26,"offX":0,"offY":0,"sourceW":26,"sourceH":26},
"item_equipment801_png":{"x":57,"y":68,"w":26,"h":30,"offX":0,"offY":0,"sourceW":26,"sourceH":30},
"item_equipment802_png":{"x":85,"y":68,"w":26,"h":30,"offX":0,"offY":0,"sourceW":26,"sourceH":30},
"item_equipment803_png":{"x":63,"y":35,"w":26,"h":31,"offX":0,"offY":0,"sourceW":26,"sourceH":31},
"item_equipment804_png":{"x":34,"y":34,"w":27,"h":31,"offX":0,"offY":0,"sourceW":27,"sourceH":31},
"item_equipment805_png":{"x":34,"y":1,"w":28,"h":31,"offX":0,"offY":0,"sourceW":28,"sourceH":31},
"item_equipment806_png":{"x":93,"y":1,"w":27,"h":31,"offX":0,"offY":0,"sourceW":27,"sourceH":31},
"item_equipment807_png":{"x":1,"y":1,"w":31,"h":36,"offX":0,"offY":0,"sourceW":31,"sourceH":36},
"item_equipment808_png":{"x":93,"y":34,"w":26,"h":32,"offX":0,"offY":0,"sourceW":26,"sourceH":32},
"item_equipment809_png":{"x":64,"y":1,"w":27,"h":32,"offX":0,"offY":0,"sourceW":27,"sourceH":32},
"item_equipment810_png":{"x":1,"y":39,"w":26,"h":31,"offX":0,"offY":0,"sourceW":26,"sourceH":31},
"item_equipment811_png":{"x":29,"y":67,"w":26,"h":31,"offX":0,"offY":0,"sourceW":26,"sourceH":31}}}