{"file":"trouser.png","frames":{
"item_equipment900_png":{"x":85,"y":93,"w":27,"h":26,"offX":0,"offY":0,"sourceW":27,"sourceH":26},
"item_equipment901_png":{"x":57,"y":65,"w":26,"h":29,"offX":0,"offY":0,"sourceW":26,"sourceH":29},
"item_equipment902_png":{"x":95,"y":1,"w":29,"h":28,"offX":0,"offY":0,"sourceW":29,"sourceH":28},
"item_equipment903_png":{"x":33,"y":32,"w":27,"h":30,"offX":0,"offY":0,"sourceW":27,"sourceH":30},
"item_equipment904_png":{"x":95,"y":31,"w":27,"h":30,"offX":0,"offY":0,"sourceW":27,"sourceH":30},
"item_equipment905_png":{"x":1,"y":33,"w":26,"h":31,"offX":0,"offY":0,"sourceW":26,"sourceH":31},
"item_equipment906_png":{"x":62,"y":32,"w":26,"h":31,"offX":0,"offY":0,"sourceW":26,"sourceH":31},
"item_equipment907_png":{"x":90,"y":63,"w":27,"h":28,"offX":0,"offY":0,"sourceW":27,"sourceH":28},
"item_equipment908_png":{"x":33,"y":1,"w":29,"h":29,"offX":0,"offY":0,"sourceW":29,"sourceH":29},
"item_equipment909_png":{"x":64,"y":1,"w":29,"h":29,"offX":0,"offY":0,"sourceW":29,"sourceH":29},
"item_equipment910_png":{"x":1,"y":1,"w":30,"h":30,"offX":0,"offY":0,"sourceW":30,"sourceH":30},
"item_equipment911_png":{"x":29,"y":64,"w":26,"h":29,"offX":0,"offY":0,"sourceW":26,"sourceH":29}}}