{
	"groups":[
	{
		"keys":"worldMap_map9_png,worldMap_point_png,worldMap_base_png,worldMap_map1_png,worldMap_map2_png,worldMap_map3_png,worldMap_map4_png,worldMap_map5_png,worldMap_map6_png,worldMap_map7_png,worldMap_map8_png,worldMap_map4_disable_png,worldMap_map5_disable_png,worldMap_map6_disable_png,worldMap_map7_disable_png,worldMap_map8_disable_png,worldMap_map9_disable_png,worldMap_map1_disable_png,worldMap_map2_disable_png,worldMap_map3_disable_png,worldMap_ruin0_png,worldMap_ruin1_png,worldMap_ruin2_png,worldMap_common0_png,worldMap_common1_png,worldMap_common2_png,worldMap_hard0_png,worldMap_hard1_png,worldMap_hard2_png,worldMap_box_png,worldMap_map0_png,worldMap_map0_disable_png,worldMap_back1_png,worldMap_back2_png,weapon_background3_png,weapon_expbar_png,worldMap_detail_png",
		"name":"worldMap"
	},
	{
		"keys":"hero1_json,hero1_png,hero_levelUp_png,hero_levelUp_json",
		"name":"hero"
	},
	{
		"keys":"other_gold_png,other_diamand_png,testColor_png",
		"name":"other"
	},
	{
		"keys":"map_shengdi_png,map_welcome_png",
		"name":"map"
	},
	{
		"keys":"enemy1_png,enemy2_json,enemy2_png,enemy1_json",
		"name":"enemy"
	},
	{
		"keys":"bullet1_png",
		"name":"attack"
	},
	{
		"keys":"num3_fnt,num2_fnt,num1_fnt,num_title_png",
		"name":"num"
	},
	{
		"keys":"item_background_png,item_background1_png,item_background2_png,item_background3_png,item_item_json,glove_json,ring_json,shoe_json,weapon_json,trouser_json,shield_json,clothes_json,earring_json,cloak_json,hat_json,drup_json",
		"name":"item"
	},
	{
		"keys":"ctrl_attack_png,ctrl_barBackground_png,ctrl_blood_png,ctrl_bloodBar_png,ctrl_expBar_png,ctrl_jump_png,ctrl_left_png,ctrl_power_png,ctrl_powerBar_png,ctrl_right_png,ctrl_skill1_png,ctrl_skill2_png,ctrl_topBackground_png,daily_background_png,daily_get_png,daily_go_png,daily_item_png,over_png,daily_icon1_png,daily_icon7_png,daily_icon8_png,daily_icon2_png,daily_icon3_png,daily_icon4_png,daily_icon5_png,daily_icon6_png,achievement_background_png,achievement_get_png,achievement_go_png,achievement_icon1_png,achievement_icon2_png,achievement_icon3_png,achievement_icon4_png,achievement_icon5_png,achievement_icon6_png,achievement_icon7_png,achievement_item_png,achievement_over_png,ability_attack1_png,ability_attack2_png,ability_attack3_png,ability_attack4_png,ability_attack5_png,ability_background_png,ability_boold1_png,ability_boold2_png,ability_boold3_png,ability_boold4_png,ability_boold5_png,ability_power1_png,ability_power2_png,ability_power3_png,ability_power4_png,ability_power5_png,ability_skill1_1_png,ability_skill1_2_png,ability_skill1_3_png,ability_skill1_4_png,ability_skill1_5_png,ability_skill2_1_png,ability_skill2_2_png,ability_skill2_3_png,ability_skill2_4_png,ability_skill2_5_png,ability_defense1_5_png,ability_defense2_1_png,ability_defense2_2_png,ability_defense2_3_png,ability_defense2_4_png,ability_defense2_5_png,ability_defense1_1_png,ability_defense1_2_png,ability_defense1_3_png,ability_defense1_4_png,ability_detail_png,drupShop_background_png,drupShop_item_png,drupShop_detail_png,weaponShop_detail_png,weaponShop_item_png,weaponShop_background_png,bag_background_png,bag_item_png,bag_btnEquipment0_png,bag_btnEquipment1_png,bag_btnItem0_png,bag_btnItem1_png,bag_btnPiece0_png,bag_btnPiece1_png,bag_btnDrup0_png,bag_btnDrup1_png,bag_detailEquipment_png,bag_detailItem_png,bag_detailPiece_png,bag_detailDrup_png,bag_sureBackground_png,data_background_png,weapon_background0_png,weapon_background1_png,weapon_background2_png,ability_selectBox_png,bag_powerBox_png,bag_bloodBox_png,data_addScene_png,data_detailScene0_png,data_detailScene1_png",
		"name":"ctrl"
	}],
	"resources":[
	{
		"name":"description",
		"type":"json",
		"url":"config/description.json"
	},
	{
		"name":"worldMap_map9_png",
		"type":"image",
		"url":"assets/WorldMap/worldMap_map9.png"
	},
	{
		"name":"worldMap_point_png",
		"type":"image",
		"url":"assets/WorldMap/worldMap_point.png"
	},
	{
		"name":"worldMap_base_png",
		"type":"image",
		"url":"assets/WorldMap/worldMap_base.png"
	},
	{
		"name":"worldMap_map1_png",
		"type":"image",
		"url":"assets/WorldMap/worldMap_map1.png"
	},
	{
		"name":"worldMap_map2_png",
		"type":"image",
		"url":"assets/WorldMap/worldMap_map2.png"
	},
	{
		"name":"worldMap_map3_png",
		"type":"image",
		"url":"assets/WorldMap/worldMap_map3.png"
	},
	{
		"name":"worldMap_map4_png",
		"type":"image",
		"url":"assets/WorldMap/worldMap_map4.png"
	},
	{
		"name":"worldMap_map5_png",
		"type":"image",
		"url":"assets/WorldMap/worldMap_map5.png"
	},
	{
		"name":"worldMap_map6_png",
		"type":"image",
		"url":"assets/WorldMap/worldMap_map6.png"
	},
	{
		"name":"worldMap_map7_png",
		"type":"image",
		"url":"assets/WorldMap/worldMap_map7.png"
	},
	{
		"name":"worldMap_map8_png",
		"type":"image",
		"url":"assets/WorldMap/worldMap_map8.png"
	},
	{
		"name":"worldMap_map4_disable_png",
		"type":"image",
		"url":"assets/WorldMap/worldMap_map4_disable.png"
	},
	{
		"name":"worldMap_map5_disable_png",
		"type":"image",
		"url":"assets/WorldMap/worldMap_map5_disable.png"
	},
	{
		"name":"worldMap_map6_disable_png",
		"type":"image",
		"url":"assets/WorldMap/worldMap_map6_disable.png"
	},
	{
		"name":"worldMap_map7_disable_png",
		"type":"image",
		"url":"assets/WorldMap/worldMap_map7_disable.png"
	},
	{
		"name":"worldMap_map8_disable_png",
		"type":"image",
		"url":"assets/WorldMap/worldMap_map8_disable.png"
	},
	{
		"name":"worldMap_map9_disable_png",
		"type":"image",
		"url":"assets/WorldMap/worldMap_map9_disable.png"
	},
	{
		"name":"worldMap_map1_disable_png",
		"type":"image",
		"url":"assets/WorldMap/worldMap_map1_disable.png"
	},
	{
		"name":"worldMap_map2_disable_png",
		"type":"image",
		"url":"assets/WorldMap/worldMap_map2_disable.png"
	},
	{
		"name":"worldMap_map3_disable_png",
		"type":"image",
		"url":"assets/WorldMap/worldMap_map3_disable.png"
	},
	{
		"name":"worldMap_ruin0_png",
		"type":"image",
		"url":"assets/WorldMap/worldMap_ruin0.png"
	},
	{
		"name":"worldMap_ruin1_png",
		"type":"image",
		"url":"assets/WorldMap/worldMap_ruin1.png"
	},
	{
		"name":"worldMap_ruin2_png",
		"type":"image",
		"url":"assets/WorldMap/worldMap_ruin2.png"
	},
	{
		"name":"worldMap_common0_png",
		"type":"image",
		"url":"assets/WorldMap/worldMap_common0.png"
	},
	{
		"name":"worldMap_common1_png",
		"type":"image",
		"url":"assets/WorldMap/worldMap_common1.png"
	},
	{
		"name":"worldMap_common2_png",
		"type":"image",
		"url":"assets/WorldMap/worldMap_common2.png"
	},
	{
		"name":"worldMap_hard0_png",
		"type":"image",
		"url":"assets/WorldMap/worldMap_hard0.png"
	},
	{
		"name":"worldMap_hard1_png",
		"type":"image",
		"url":"assets/WorldMap/worldMap_hard1.png"
	},
	{
		"name":"worldMap_hard2_png",
		"type":"image",
		"url":"assets/WorldMap/worldMap_hard2.png"
	},
	{
		"name":"worldMap_box_png",
		"type":"image",
		"url":"assets/WorldMap/worldMap_box.png"
	},
	{
		"name":"worldMap_map0_png",
		"type":"image",
		"url":"assets/WorldMap/worldMap_map0.png"
	},
	{
		"name":"worldMap_map0_disable_png",
		"type":"image",
		"url":"assets/WorldMap/worldMap_map0_disable.png"
	},
	{
		"name":"worldMap_back1_png",
		"type":"image",
		"url":"assets/WorldMap/worldMap_back1.png"
	},
	{
		"name":"worldMap_back2_png",
		"type":"image",
		"url":"assets/WorldMap/worldMap_back2.png"
	},
	{
		"name":"map_shengdi_png",
		"type":"image",
		"url":"assets/map/map_shengdi.png"
	},
	{
		"name":"map_welcome_png",
		"type":"image",
		"url":"assets/map/map_welcome.png"
	},
	{
		"name":"enemy1_png",
		"type":"image",
		"url":"assets/enemy/enemy1.png"
	},
	{
		"name":"enemy2_json",
		"type":"json",
		"url":"assets/enemy/enemy2.json"
	},
	{
		"name":"enemy2_png",
		"type":"image",
		"url":"assets/enemy/enemy2.png"
	},
	{
		"name":"enemy1_json",
		"type":"json",
		"url":"assets/enemy/enemy1.json"
	},
	{
		"name":"hero1_json",
		"type":"json",
		"url":"assets/hero/hero1.json"
	},
	{
		"name":"hero1_png",
		"type":"image",
		"url":"assets/hero/hero1.png"
	},
	{
		"name":"bullet1_png",
		"type":"image",
		"url":"assets/attack/bullet1.png"
	},
	{
		"name":"num3_fnt",
		"type":"font",
		"url":"assets/_number/num3.fnt"
	},
	{
		"name":"num2_fnt",
		"type":"font",
		"url":"assets/_number/num2.fnt"
	},
	{
		"name":"num1_fnt",
		"type":"font",
		"url":"assets/_number/num1.fnt"
	},
	{
		"name":"num_title_png",
		"type":"image",
		"url":"assets/_number/num_title.png"
	},
	{
		"name":"hero_levelUp_png",
		"type":"image",
		"url":"assets/hero/hero_levelUp.png"
	},
	{
		"name":"hero_levelUp_json",
		"type":"json",
		"url":"assets/hero/hero_levelUp.json"
	},
	{
		"name":"ctrl_attack_png",
		"type":"image",
		"url":"assets/ctrl/base/ctrl_attack.png"
	},
	{
		"name":"ctrl_barBackground_png",
		"type":"image",
		"url":"assets/ctrl/base/ctrl_barBackground.png"
	},
	{
		"name":"ctrl_blood_png",
		"type":"image",
		"url":"assets/ctrl/base/ctrl_blood.png"
	},
	{
		"name":"ctrl_bloodBar_png",
		"type":"image",
		"url":"assets/ctrl/base/ctrl_bloodBar.png"
	},
	{
		"name":"ctrl_expBar_png",
		"type":"image",
		"url":"assets/ctrl/base/ctrl_expBar.png"
	},
	{
		"name":"ctrl_jump_png",
		"type":"image",
		"url":"assets/ctrl/base/ctrl_jump.png"
	},
	{
		"name":"ctrl_left_png",
		"type":"image",
		"url":"assets/ctrl/base/ctrl_left.png"
	},
	{
		"name":"ctrl_power_png",
		"type":"image",
		"url":"assets/ctrl/base/ctrl_power.png"
	},
	{
		"name":"ctrl_powerBar_png",
		"type":"image",
		"url":"assets/ctrl/base/ctrl_powerBar.png"
	},
	{
		"name":"ctrl_right_png",
		"type":"image",
		"url":"assets/ctrl/base/ctrl_right.png"
	},
	{
		"name":"ctrl_skill1_png",
		"type":"image",
		"url":"assets/ctrl/base/ctrl_skill1.png"
	},
	{
		"name":"ctrl_skill2_png",
		"type":"image",
		"url":"assets/ctrl/base/ctrl_skill2.png"
	},
	{
		"name":"ctrl_topBackground_png",
		"type":"image",
		"url":"assets/ctrl/base/ctrl_topBackground.png"
	},
	{
		"name":"daily_background_png",
		"type":"image",
		"url":"assets/ctrl/daily/daily_background.png"
	},
	{
		"name":"daily_get_png",
		"type":"image",
		"url":"assets/ctrl/daily/daily_get.png"
	},
	{
		"name":"daily_go_png",
		"type":"image",
		"url":"assets/ctrl/daily/daily_go.png"
	},
	{
		"name":"daily_item_png",
		"type":"image",
		"url":"assets/ctrl/daily/daily_item.png"
	},
	{
		"name":"over_png",
		"type":"image",
		"url":"assets/ctrl/daily/over.png"
	},
	{
		"name":"daily_icon1_png",
		"type":"image",
		"url":"assets/ctrl/daily/daily_icon1.png"
	},
	{
		"name":"daily_icon7_png",
		"type":"image",
		"url":"assets/ctrl/daily/daily_icon7.png"
	},
	{
		"name":"daily_icon8_png",
		"type":"image",
		"url":"assets/ctrl/daily/daily_icon8.png"
	},
	{
		"name":"daily_icon2_png",
		"type":"image",
		"url":"assets/ctrl/daily/daily_icon2.png"
	},
	{
		"name":"daily_icon3_png",
		"type":"image",
		"url":"assets/ctrl/daily/daily_icon3.png"
	},
	{
		"name":"daily_icon4_png",
		"type":"image",
		"url":"assets/ctrl/daily/daily_icon4.png"
	},
	{
		"name":"daily_icon5_png",
		"type":"image",
		"url":"assets/ctrl/daily/daily_icon5.png"
	},
	{
		"name":"daily_icon6_png",
		"type":"image",
		"url":"assets/ctrl/daily/daily_icon6.png"
	},
	{
		"name":"achievement_background_png",
		"type":"image",
		"url":"assets/ctrl/achievement/achievement_background.png"
	},
	{
		"name":"achievement_get_png",
		"type":"image",
		"url":"assets/ctrl/achievement/achievement_get.png"
	},
	{
		"name":"achievement_go_png",
		"type":"image",
		"url":"assets/ctrl/achievement/achievement_go.png"
	},
	{
		"name":"achievement_icon1_png",
		"type":"image",
		"url":"assets/ctrl/achievement/achievement_icon1.png"
	},
	{
		"name":"achievement_icon2_png",
		"type":"image",
		"url":"assets/ctrl/achievement/achievement_icon2.png"
	},
	{
		"name":"achievement_icon3_png",
		"type":"image",
		"url":"assets/ctrl/achievement/achievement_icon3.png"
	},
	{
		"name":"achievement_icon4_png",
		"type":"image",
		"url":"assets/ctrl/achievement/achievement_icon4.png"
	},
	{
		"name":"achievement_icon5_png",
		"type":"image",
		"url":"assets/ctrl/achievement/achievement_icon5.png"
	},
	{
		"name":"achievement_icon6_png",
		"type":"image",
		"url":"assets/ctrl/achievement/achievement_icon6.png"
	},
	{
		"name":"achievement_icon7_png",
		"type":"image",
		"url":"assets/ctrl/achievement/achievement_icon7.png"
	},
	{
		"name":"achievement_item_png",
		"type":"image",
		"url":"assets/ctrl/achievement/achievement_item.png"
	},
	{
		"name":"achievement_over_png",
		"type":"image",
		"url":"assets/ctrl/achievement/achievement_over.png"
	},
	{
		"name":"ability_attack1_png",
		"type":"image",
		"url":"assets/ctrl/ability/ability_attack1.png"
	},
	{
		"name":"ability_attack2_png",
		"type":"image",
		"url":"assets/ctrl/ability/ability_attack2.png"
	},
	{
		"name":"ability_attack3_png",
		"type":"image",
		"url":"assets/ctrl/ability/ability_attack3.png"
	},
	{
		"name":"ability_attack4_png",
		"type":"image",
		"url":"assets/ctrl/ability/ability_attack4.png"
	},
	{
		"name":"ability_attack5_png",
		"type":"image",
		"url":"assets/ctrl/ability/ability_attack5.png"
	},
	{
		"name":"ability_background_png",
		"type":"image",
		"url":"assets/ctrl/ability/ability_background.png"
	},
	{
		"name":"ability_boold1_png",
		"type":"image",
		"url":"assets/ctrl/ability/ability_boold1.png"
	},
	{
		"name":"ability_boold2_png",
		"type":"image",
		"url":"assets/ctrl/ability/ability_boold2.png"
	},
	{
		"name":"ability_boold3_png",
		"type":"image",
		"url":"assets/ctrl/ability/ability_boold3.png"
	},
	{
		"name":"ability_boold4_png",
		"type":"image",
		"url":"assets/ctrl/ability/ability_boold4.png"
	},
	{
		"name":"ability_boold5_png",
		"type":"image",
		"url":"assets/ctrl/ability/ability_boold5.png"
	},
	{
		"name":"ability_power1_png",
		"type":"image",
		"url":"assets/ctrl/ability/ability_power1.png"
	},
	{
		"name":"ability_power2_png",
		"type":"image",
		"url":"assets/ctrl/ability/ability_power2.png"
	},
	{
		"name":"ability_power3_png",
		"type":"image",
		"url":"assets/ctrl/ability/ability_power3.png"
	},
	{
		"name":"ability_power4_png",
		"type":"image",
		"url":"assets/ctrl/ability/ability_power4.png"
	},
	{
		"name":"ability_power5_png",
		"type":"image",
		"url":"assets/ctrl/ability/ability_power5.png"
	},
	{
		"name":"ability_skill1_1_png",
		"type":"image",
		"url":"assets/ctrl/ability/ability_skill1_1.png"
	},
	{
		"name":"ability_skill1_2_png",
		"type":"image",
		"url":"assets/ctrl/ability/ability_skill1_2.png"
	},
	{
		"name":"ability_skill1_3_png",
		"type":"image",
		"url":"assets/ctrl/ability/ability_skill1_3.png"
	},
	{
		"name":"ability_skill1_4_png",
		"type":"image",
		"url":"assets/ctrl/ability/ability_skill1_4.png"
	},
	{
		"name":"ability_skill1_5_png",
		"type":"image",
		"url":"assets/ctrl/ability/ability_skill1_5.png"
	},
	{
		"name":"ability_skill2_1_png",
		"type":"image",
		"url":"assets/ctrl/ability/ability_skill2_1.png"
	},
	{
		"name":"ability_skill2_2_png",
		"type":"image",
		"url":"assets/ctrl/ability/ability_skill2_2.png"
	},
	{
		"name":"ability_skill2_3_png",
		"type":"image",
		"url":"assets/ctrl/ability/ability_skill2_3.png"
	},
	{
		"name":"ability_skill2_4_png",
		"type":"image",
		"url":"assets/ctrl/ability/ability_skill2_4.png"
	},
	{
		"name":"ability_skill2_5_png",
		"type":"image",
		"url":"assets/ctrl/ability/ability_skill2_5.png"
	},
	{
		"name":"ability_defense1_5_png",
		"type":"image",
		"url":"assets/ctrl/ability/ability_defense1_5.png"
	},
	{
		"name":"ability_defense2_1_png",
		"type":"image",
		"url":"assets/ctrl/ability/ability_defense2_1.png"
	},
	{
		"name":"ability_defense2_2_png",
		"type":"image",
		"url":"assets/ctrl/ability/ability_defense2_2.png"
	},
	{
		"name":"ability_defense2_3_png",
		"type":"image",
		"url":"assets/ctrl/ability/ability_defense2_3.png"
	},
	{
		"name":"ability_defense2_4_png",
		"type":"image",
		"url":"assets/ctrl/ability/ability_defense2_4.png"
	},
	{
		"name":"ability_defense2_5_png",
		"type":"image",
		"url":"assets/ctrl/ability/ability_defense2_5.png"
	},
	{
		"name":"ability_defense1_1_png",
		"type":"image",
		"url":"assets/ctrl/ability/ability_defense1_1.png"
	},
	{
		"name":"ability_defense1_2_png",
		"type":"image",
		"url":"assets/ctrl/ability/ability_defense1_2.png"
	},
	{
		"name":"ability_defense1_3_png",
		"type":"image",
		"url":"assets/ctrl/ability/ability_defense1_3.png"
	},
	{
		"name":"ability_defense1_4_png",
		"type":"image",
		"url":"assets/ctrl/ability/ability_defense1_4.png"
	},
	{
		"name":"ability_detail_png",
		"type":"image",
		"url":"assets/ctrl/ability/ability_detail.png"
	},
	{
		"name":"drupShop_background_png",
		"type":"image",
		"url":"assets/ctrl/drupShop/drupShop_background.png"
	},
	{
		"name":"drupShop_item_png",
		"type":"image",
		"url":"assets/ctrl/drupShop/drupShop_item.png"
	},
	{
		"name":"drupShop_detail_png",
		"type":"image",
		"url":"assets/ctrl/drupShop/drupShop_detail.png"
	},
	{
		"name":"weaponShop_detail_png",
		"type":"image",
		"url":"assets/ctrl/weaponShop/weaponShop_detail.png"
	},
	{
		"name":"weaponShop_item_png",
		"type":"image",
		"url":"assets/ctrl/weaponShop/weaponShop_item.png"
	},
	{
		"name":"weaponShop_background_png",
		"type":"image",
		"url":"assets/ctrl/weaponShop/weaponShop_background.png"
	},
	{
		"name":"bag_background_png",
		"type":"image",
		"url":"assets/ctrl/bag/bag_background.png"
	},
	{
		"name":"bag_item_png",
		"type":"image",
		"url":"assets/ctrl/bag/bag_item.png"
	},
	{
		"name":"bag_btnEquipment0_png",
		"type":"image",
		"url":"assets/ctrl/bag/bag_btnEquipment0.png"
	},
	{
		"name":"bag_btnEquipment1_png",
		"type":"image",
		"url":"assets/ctrl/bag/bag_btnEquipment1.png"
	},
	{
		"name":"bag_btnItem0_png",
		"type":"image",
		"url":"assets/ctrl/bag/bag_btnItem0.png"
	},
	{
		"name":"bag_btnItem1_png",
		"type":"image",
		"url":"assets/ctrl/bag/bag_btnItem1.png"
	},
	{
		"name":"bag_btnPiece0_png",
		"type":"image",
		"url":"assets/ctrl/bag/bag_btnPiece0.png"
	},
	{
		"name":"bag_btnPiece1_png",
		"type":"image",
		"url":"assets/ctrl/bag/bag_btnPiece1.png"
	},
	{
		"name":"bag_btnDrup0_png",
		"type":"image",
		"url":"assets/ctrl/bag/bag_btnDrup0.png"
	},
	{
		"name":"bag_btnDrup1_png",
		"type":"image",
		"url":"assets/ctrl/bag/bag_btnDrup1.png"
	},
	{
		"name":"bag_detailEquipment_png",
		"type":"image",
		"url":"assets/ctrl/bag/bag_detailEquipment.png"
	},
	{
		"name":"bag_detailItem_png",
		"type":"image",
		"url":"assets/ctrl/bag/bag_detailItem.png"
	},
	{
		"name":"bag_detailPiece_png",
		"type":"image",
		"url":"assets/ctrl/bag/bag_detailPiece.png"
	},
	{
		"name":"bag_detailDrup_png",
		"type":"image",
		"url":"assets/ctrl/bag/bag_detailDrup.png"
	},
	{
		"name":"bag_sureBackground_png",
		"type":"image",
		"url":"assets/ctrl/bag/bag_sureBackground.png"
	},
	{
		"name":"data_background_png",
		"type":"image",
		"url":"assets/ctrl/data/data_background.png"
	},
	{
		"name":"weapon_background0_png",
		"type":"image",
		"url":"assets/ctrl/weapon/weapon_background0.png"
	},
	{
		"name":"weapon_background1_png",
		"type":"image",
		"url":"assets/ctrl/weapon/weapon_background1.png"
	},
	{
		"name":"weapon_background2_png",
		"type":"image",
		"url":"assets/ctrl/weapon/weapon_background2.png"
	},
	{
		"name":"weapon_background3_png",
		"type":"image",
		"url":"assets/ctrl/weapon/weapon_background3.png"
	},
	{
		"name":"weapon_expbar_png",
		"type":"image",
		"url":"assets/ctrl/weapon/weapon_expbar.png"
	},
	{
		"name":"item_background_png",
		"type":"image",
		"url":"assets/item/item_background.png"
	},
	{
		"name":"worldMap_detail_png",
		"type":"image",
		"url":"assets/WorldMap/worldMap_detail.png"
	},
	{
		"name":"item_background1_png",
		"type":"image",
		"url":"assets/item/item_background1.png"
	},
	{
		"name":"item_background2_png",
		"type":"image",
		"url":"assets/item/item_background2.png"
	},
	{
		"name":"item_background3_png",
		"type":"image",
		"url":"assets/item/item_background3.png"
	},
	{
		"name":"other_gold_png",
		"type":"image",
		"url":"assets/other/other_gold.png"
	},
	{
		"name":"other_diamand_png",
		"type":"image",
		"url":"assets/other/other_diamand.png"
	},
	{
		"name":"testColor_png",
		"type":"image",
		"url":"assets/other/testColor.png"
	},
	{
		"name":"ability_selectBox_png",
		"type":"image",
		"url":"assets/ctrl/ability/ability_selectBox.png"
	},
	{
		"name":"bag_powerBox_png",
		"type":"image",
		"url":"assets/ctrl/bag/bag_powerBox.png"
	},
	{
		"name":"bag_bloodBox_png",
		"type":"image",
		"url":"assets/ctrl/bag/bag_bloodBox.png"
	},
	{
		"name":"data_addScene_png",
		"scale9grid":"7,27,48,257",
		"type":"image",
		"url":"assets/ctrl/data/data_addScene.png"
	},
	{
		"name":"data_detailScene0_png",
		"type":"image",
		"url":"assets/ctrl/data/data_detailScene0.png"
	},
	{
		"name":"data_detailScene1_png",
		"type":"image",
		"url":"assets/ctrl/data/data_detailScene1.png"
	},
	{
		"name":"item_item_json",
		"subkeys":"item_item0_png,item_item10_png,item_item11_png,item_item12_png,item_item13_png,item_item14_png,item_item15_png,item_item16_png,item_item17_png,item_item18_png,item_item19_png,item_item1_png,item_item20_png,item_item21_png,item_item22_png,item_item23_png,item_item24_png,item_item25_png,item_item26_png,item_item27_png,item_item28_png,item_item29_png,item_item2_png,item_item30_png,item_item31_png,item_item32_png,item_item33_png,item_item34_png,item_item35_png,item_item36_png,item_item37_png,item_item38_png,item_item39_png,item_item3_png,item_item40_png,item_item41_png,item_item42_png,item_item43_png,item_item44_png,item_item45_png,item_item46_png,item_item47_png,item_item48_png,item_item49_png,item_item4_png,item_item50_png,item_item51_png,item_item52_png,item_item53_png,item_item54_png,item_item55_png,item_item56_png,item_item57_png,item_item58_png,item_item59_png,item_item5_png,item_item60_png,item_item61_png,item_item62_png,item_item63_png,item_item64_png,item_item65_png,item_item66_png,item_item67_png,item_item68_png,item_item69_png,item_item6_png,item_item70_png,item_item71_png,item_item72_png,item_item73_png,item_item74_png,item_item75_png,item_item76_png,item_item77_png,item_item78_png,item_item79_png,item_item7_png,item_item80_png,item_item81_png,item_item82_png,item_item8_png,item_item9_png",
		"type":"sheet",
		"url":"assets/item/item_item.json"
	},
	{
		"name":"glove_json",
		"subkeys":"item_equipment400_png,item_equipment401_png,item_equipment402_png,item_equipment403_png,item_equipment404_png,item_equipment405_png,item_equipment406_png,item_equipment407_png,item_equipment408_png,item_equipment409_png,item_equipment410_png,item_equipment411_png",
		"type":"sheet",
		"url":"assets/item/glove.json"
	},
	{
		"name":"ring_json",
		"subkeys":"item_equipment600_png,item_equipment601_png,item_equipment602_png,item_equipment603_png,item_equipment604_png,item_equipment605_png,item_equipment606_png,item_equipment607_png,item_equipment608_png,item_equipment609_png,item_equipment610_png,item_equipment611_png",
		"type":"sheet",
		"url":"assets/item/ring.json"
	},
	{
		"name":"shoe_json",
		"subkeys":"item_equipment800_png,item_equipment801_png,item_equipment802_png,item_equipment803_png,item_equipment804_png,item_equipment805_png,item_equipment806_png,item_equipment807_png,item_equipment808_png,item_equipment809_png,item_equipment810_png,item_equipment811_png",
		"type":"sheet",
		"url":"assets/item/shoe.json"
	},
	{
		"name":"weapon_json",
		"subkeys":"item_equipment1000_png,item_equipment1001_png,item_equipment1002_png,item_equipment1003_png,item_equipment1004_png,item_equipment1005_png,item_equipment1006_png,item_equipment1007_png,item_equipment1008_png,item_equipment1009_png,item_equipment1010_png,item_equipment1011_png",
		"type":"sheet",
		"url":"assets/item/weapon.json"
	},
	{
		"name":"trouser_json",
		"subkeys":"item_equipment900_png,item_equipment901_png,item_equipment902_png,item_equipment903_png,item_equipment904_png,item_equipment905_png,item_equipment906_png,item_equipment907_png,item_equipment908_png,item_equipment909_png,item_equipment910_png,item_equipment911_png",
		"type":"sheet",
		"url":"assets/item/trouser.json"
	},
	{
		"name":"shield_json",
		"subkeys":"item_equipment700_png,item_equipment701_png,item_equipment702_png,item_equipment703_png,item_equipment704_png,item_equipment705_png,item_equipment706_png,item_equipment707_png,item_equipment708_png,item_equipment709_png,item_equipment710_png,item_equipment711_png",
		"type":"sheet",
		"url":"assets/item/shield.json"
	},
	{
		"name":"clothes_json",
		"subkeys":"item_equipment200_png,item_equipment201_png,item_equipment202_png,item_equipment203_png,item_equipment204_png,item_equipment205_png,item_equipment206_png,item_equipment207_png,item_equipment208_png,item_equipment209_png,item_equipment210_png,item_equipment211_png",
		"type":"sheet",
		"url":"assets/item/clothes.json"
	},
	{
		"name":"earring_json",
		"subkeys":"item_equipment300_png,item_equipment301_png,item_equipment302_png,item_equipment303_png,item_equipment304_png,item_equipment305_png,item_equipment306_png,item_equipment307_png,item_equipment308_png,item_equipment309_png,item_equipment310_png,item_equipment311_png",
		"type":"sheet",
		"url":"assets/item/earring.json"
	},
	{
		"name":"cloak_json",
		"subkeys":"item_equipment100_png,item_equipment101_png,item_equipment102_png,item_equipment103_png,item_equipment104_png,item_equipment105_png,item_equipment106_png,item_equipment107_png,item_equipment108_png,item_equipment109_png,item_equipment110_png,item_equipment111_png",
		"type":"sheet",
		"url":"assets/item/cloak.json"
	},
	{
		"name":"hat_json",
		"subkeys":"item_equipment500_png,item_equipment501_png,item_equipment502_png,item_equipment503_png,item_equipment504_png,item_equipment505_png,item_equipment506_png,item_equipment507_png,item_equipment508_png,item_equipment509_png,item_equipment510_png,item_equipment511_png",
		"type":"sheet",
		"url":"assets/item/hat.json"
	},
	{
		"name":"drup_json",
		"subkeys":"item_drup0_png,item_drup10_png,item_drup11_png,item_drup12_png,item_drup13_png,item_drup14_png,item_drup15_png,item_drup16_png,item_drup17_png,item_drup18_png,item_drup19_png,item_drup1_png,item_drup20_png,item_drup21_png,item_drup22_png,item_drup23_png,item_drup24_png,item_drup25_png,item_drup2_png,item_drup3_png,item_drup4_png,item_drup5_png,item_drup6_png,item_drup7_png,item_drup8_png,item_drup9_png",
		"type":"sheet",
		"url":"assets/item/drup.json"
	}]
}