{"mc":{
	"attack":{
		"frameRate":6,
		"events":[
			
			],
		"frames":[
			
			{
			"res":"D0CE3344",
			"x":0,
			"y":0
			},
			{
			"res":"3C3C83FA",
			"x":0,
			"y":0
			},
			{
			"res":"605D85C6",
			"x":0,
			"y":0
			}
			]
},"die":{
		"frameRate":6,
		"events":[
			
			],
		"frames":[
			{
			"res":"F1F24C4A",
			"x":0,
			"y":0
			},
			{
			"res":"52C07E0B",
			"x":0,
			"y":0
			},
			{
			"res":"6E386980",
			"x":0,
			"y":0
			},
			{
			"res":"10CBF1A2",
			"x":0,
			"y":0,
			"duration":2
			},
			{
			"res":"757A4EF1",
			"x":0,
			"y":0
			},
			{
			"res":"3C79A485",
			"x":0,
			"y":0
			},
			{
			"res":"EA0011E9",
			"x":0,
			"y":0
			},
			{
			"res":"5C0D8559",
			"x":0,
			"y":0
			},
			{
			"res":"EA0011E9",
			"x":0,
			"y":0
			},
			{
			"res":"333AC4A9",
			"x":0,
			"y":0
			},
			{
			"res":"16663B4",
			"x":0,
			"y":0
			},
			{
			"res":"C7BD6076",
			"x":0,
			"y":0
			},
			{
			"res":"44C0DF6A",
			"x":0,
			"y":0
			},
			{
			"res":"8173588D",
			"x":0,
			"y":0
			},
			{
			"res":"2C84FD1D",
			"x":0,
			"y":0
			},
			{
			"res":"6E40E1B5",
			"x":0,
			"y":0
			},
			{
			"res":"C846CF6C",
			"x":0,
			"y":0
			},
			{
			"res":"471067B8",
			"x":0,
			"y":0
			},
			{
			"res":"955AA4BA",
			"x":0,
			"y":0
			}
			]
},"hit":{
		"frameRate":6,
		"events":[
			
			],
		"frames":[
			
			{
			"res":"67642A98",
			"x":0,
			"y":0
			},
			{
			"res":"666D7E66",
			"x":0,
			"y":0
			},
			{
			"res":"2811BB0",
			"x":0,
			"y":0
			},
			{
			"res":"666D7E66",
			"x":0,
			"y":0
			}
			]
},"jump":{
		"frameRate":6,
		"events":[
			
			],
		"frames":[
			
			{
			"res":"AA3DB55C",
			"x":0,
			"y":0
			},
			{
			"res":"3CE6BC48",
			"x":0,
			"y":0
			},
			{
			"res":"43004642",
			"x":0,
			"y":0
			},
			{
			"res":"A94C1E89",
			"x":0,
			"y":0
			}
			]
},"skill":{
		"frameRate":6,
		"events":[
			
			],
		"frames":[
			
			{
			"res":"5AFA507B",
			"x":0,
			"y":0
			},
			{
			"res":"CFCA2C23",
			"x":0,
			"y":0
			},
			{
			"res":"AD128128",
			"x":0,
			"y":0
			}
			]
},"stand":{
		"frameRate":6,
		"events":[
			
			],
		"frames":[
			
			{
			"res":"5C7041B2",
			"x":0,
			"y":0
			},
			{
			"res":"CB5EFB18",
			"x":0,
			"y":0
			},
			{
			"res":"FE8EF818",
			"x":0,
			"y":0
			}
			]
},"walk":{
		"frameRate":6,
		"events":[
			
			],
		"frames":[
			
			{
			"res":"17E10AEB",
			"x":0,
			"y":0
			},
			{
			"res":"83908BA7",
			"x":0,
			"y":0
			},
			{
			"res":"D3439962",
			"x":0,
			"y":0
			},
			{
			"res":"C2E4A9",
			"x":0,
			"y":0
			},
			{
			"res":"66AB8C62",
			"x":0,
			"y":0
			},
			{
			"res":"FE89FFBB",
			"x":0,
			"y":0
			}
			]
}},
	"res":{
		"D0CE3344":{"x":221,"y":316,"w":108,"h":114},
		"3C3C83FA":{"x":1,"y":316,"w":108,"h":114},
		"605D85C6":{"x":111,"y":316,"w":108,"h":114},
		"5C0D8559":{"x":207,"y":789,"w":101,"h":47},
		"EA0011E9":{"x":406,"y":225,"w":101,"h":47},
		"333AC4A9":{"x":304,"y":544,"w":101,"h":47},
		"16663B4":{"x":407,"y":544,"w":101,"h":47},
		"C7BD6076":{"x":304,"y":593,"w":101,"h":47},
		"44C0DF6A":{"x":407,"y":593,"w":101,"h":47},
		"8173588D":{"x":304,"y":642,"w":101,"h":47},
		"2C84FD1D":{"x":407,"y":642,"w":101,"h":47},
		"6E40E1B5":{"x":87,"y":648,"w":101,"h":47},
		"C846CF6C":{"x":190,"y":648,"w":101,"h":47},
		"471067B8":{"x":293,"y":691,"w":101,"h":47},
		"955AA4BA":{"x":396,"y":691,"w":101,"h":47},
		"F1F24C4A":{"x":396,"y":740,"w":101,"h":47},
		"52C07E0B":{"x":1,"y":697,"w":101,"h":47},
		"6E386980":{"x":104,"y":697,"w":101,"h":47},
		"10CBF1A2":{"x":207,"y":740,"w":101,"h":47},
		"757A4EF1":{"x":1,"y":746,"w":101,"h":47},
		"3C79A485":{"x":104,"y":746,"w":101,"h":47},
		"67642A98":{"x":109,"y":540,"w":107,"h":106},
		"666D7E66":{"x":109,"y":432,"w":107,"h":106},
		"2811BB0":{"x":218,"y":432,"w":107,"h":106},
		"AA3DB55C":{"x":1,"y":1,"w":123,"h":117},
		"3CE6BC48":{"x":126,"y":1,"w":123,"h":117},
		"43004642":{"x":251,"y":1,"w":123,"h":117},
		"A94C1E89":{"x":376,"y":1,"w":123,"h":117},
		"5AFA507B":{"x":406,"y":120,"w":84,"h":103},
		"CFCA2C23":{"x":1,"y":546,"w":84,"h":103},
		"AD128128":{"x":218,"y":540,"w":84,"h":103},
		"5C7041B2":{"x":331,"y":316,"w":106,"h":112},
		"CB5EFB18":{"x":331,"y":430,"w":106,"h":112},
		"FE8EF818":{"x":1,"y":432,"w":106,"h":112},
		"17E10AEB":{"x":1,"y":120,"w":133,"h":96},
		"83908BA7":{"x":136,"y":120,"w":133,"h":96},
		"D3439962":{"x":271,"y":120,"w":133,"h":96},
		"C2E4A9":{"x":1,"y":218,"w":133,"h":96},
		"66AB8C62":{"x":136,"y":218,"w":133,"h":96},
		"FE89FFBB":{"x":271,"y":218,"w":133,"h":96}
	}}