{"mc":{
	"hero_levelUp":{
		"frameRate":12,
		"events":[
			
			],
		"frames":[
			
			{
			"res":"E80F8CF1",
			"x":0,
			"y":0
			},
			{
			"res":"48C5EFD0",
			"x":0,
			"y":0
			},
			{
			"res":"3D9A6C2",
			"x":0,
			"y":0
			},
			{
			"res":"E1741E55",
			"x":0,
			"y":0
			},
			{
			"res":"8DDBCB62",
			"x":0,
			"y":0
			},
			{
			"res":"D47A4466",
			"x":0,
			"y":0
			},
			{
			"res":"8623225D",
			"x":0,
			"y":0
			},
			{
			"res":"D156C682",
			"x":0,
			"y":0
			},
			{
			"res":"7E859417",
			"x":0,
			"y":0
			},
			{
			"res":"BD574524",
			"x":0,
			"y":0
			}
			]
}},
	"res":{
		"E80F8CF1":{"x":1,"y":1,"w":111,"h":192},
		"48C5EFD0":{"x":1,"y":195,"w":111,"h":192},
		"3D9A6C2":{"x":114,"y":1,"w":111,"h":192},
		"E1741E55":{"x":114,"y":195,"w":111,"h":192},
		"8DDBCB62":{"x":227,"y":1,"w":111,"h":192},
		"D47A4466":{"x":227,"y":195,"w":111,"h":192},
		"8623225D":{"x":340,"y":1,"w":111,"h":192},
		"D156C682":{"x":340,"y":195,"w":111,"h":192},
		"7E859417":{"x":453,"y":1,"w":111,"h":192},
		"BD574524":{"x":453,"y":195,"w":111,"h":192}
	}}